user,drink_1,drink_2,drink_3
kiely\n,Trenta Frappucino,Pumpkin Spice in a glass Jar,Decaf Bottled Mocha Lite
briand92\n,Frappuccino flavor,Thin Mint Frapp,Sakura Mochi Frappucino
Janice1951\n,Decaf Green tea frappucino,Maple chip Frappuccino,Caffeine free vanilla frap in a bottle
jamescrouch\n,The Classic Frapp,Caffeine free vanilla frap in a bottle,Chocolate Cinnamon Frappuccino
peterpulmonary\n,Decaf Green tea frappucino,Devil's Drink,Thin Mint Frapp
KelliJ\n,Pumpkin Spice in a glass Jar,Decaf Green tea frappucino,Thin Mint Frapp
luke\n,Bring back the Classic Frappuccino,Caffeine free vanilla frap in a bottle,How about a birthday cake drink?
ashleyaf\n,Caffeine free vanilla frap in a bottle,Thin Mint Frapp,Pumpkin Spice in a glass Jar
jacobsmom\n,Decaf Green tea frappucino,Thin Mint Frapp,Frappuccino flavor
Kimmiemo\n,Caffeine free vanilla frap in a bottle,Decaf Bottled Mocha Lite,Pumpkin Spice in a glass Jar
kianster\n,Frappuccino flavor,The Classic Frapp,How about a birthday cake drink?
JavaGiuseppe\n,Trenta Frappucino,How about a birthday cake drink?,Devil's Drink
vegasjoe\n,Frappuccino flavor,Pumpkin Spice in a glass Jar,Caffeine free vanilla frap in a bottle
Natedogg2323\n,Pumpkin Spice in a glass Jar,Vanilla frapacinos please!,Decaf Bottled Mocha Lite
Arnold\n,Trenta Frappucino,Decaf Bottled Mocha Lite,Decaf Green tea frappucino
bringit2mtnhom\n,How about a birthday cake drink?,Caffeine free vanilla frap in a bottle,Pumpkin Spice in a glass Jar
Bark\n,Caffeine free vanilla frap in a bottle,Maple chip Frappuccino,How about a birthday cake drink?
ThomasA\n,How about a birthday cake drink?,Salted hazelnut frappuccino !,Thin Mint Frapp
sdflyer\n,Frappuccino flavor,Pumpkin Spice in a glass Jar,The Classic Frapp
SteveSC\n,The Classic Frapp,Caffeine free vanilla frap in a bottle,Chocolate Cinnamon Frappuccino
Target362\n,Caffeine free vanilla frap in a bottle,Decaf Bottled Mocha Lite,Frappuccino flavor
burogal\n,How about a birthday cake drink?,A Red Velvet Frappuccino,Sakura Mochi Frappucino
beanista\n,The Classic Frapp,Caffeine free vanilla frap in a bottle,Chocolate Cinnamon Frappuccino
Serhattas\n,Pumpkin Spice in a glass Jar,Vanilla frapacinos please!,Decaf Green tea frappucino
tjohnson1978\n,Decaf Green tea frappucino,The Classic Frapp,Vanilla frapacinos please!
robertde\n,Sakura Mochi Frappucino,Devil's Drink,Frappuccino flavor
scoobydo\n,Pumpkin Spice in a glass Jar,The Classic Frapp,Chocolate Cinnamon Frappuccino
shantelj\n,Decaf Bottled Mocha Lite,Pumpkin Spice in a glass Jar,Belly Blaster Garcinia-ccino
gwen1975\n,Salted hazelnut frappuccino !,Vanilla frapacinos please!,Sakura Mochi Frappucino
calcal89\n,Belly Blaster Garcinia-ccino,How about a birthday cake drink?,The Classic Frapp
CM_\n,Decaf Bottled Mocha Lite,A Red Velvet Frappuccino,Sakura Mochi Frappucino
dchu220\n,Frappuccino flavor,Decaf Bottled Mocha Lite,Devil's Drink
ShawnaNichole\n,How about a birthday cake drink?,Pumpkin Spice in a glass Jar,Decaf Green tea frappucino
Beanz04\n,The Classic Frapp,Pumpkin Spice in a glass Jar,Belly Blaster Garcinia-ccino
bholland25\n,Pumpkin Spice in a glass Jar,Decaf Bottled Mocha Lite,A Red Velvet Frappuccino
christam\n,The Classic Frapp,Caffeine free vanilla frap in a bottle,Chocolate Cinnamon Frappuccino
ceci22\n,Salted hazelnut frappuccino !,The Classic Frapp,How about a birthday cake drink?
eqitec\n,Belly Blaster Garcinia-ccino,Vanilla frapacinos please!,Bring back the Classic Frappuccino
micromac\n,Decaf Green tea frappucino,Belly Blaster Garcinia-ccino,Thin Mint Frapp
Abbie4me2\n,Caffeine free vanilla frap in a bottle,Decaf Green tea frappucino,Frappuccino flavor
poop1\n,Pumpkin Spice in a glass Jar,Peanut butter drizzle & peanut butter frapp or choc pb frapp,Frappuccino flavor
marbux\n,Bring back the dark chocolate cherry frap,The Classic Frapp,Frappuccino flavor
NEGal\n,Pumpkin Spice in a glass Jar,Bring back the Classic Frappuccino,Decaf Bottled Mocha Lite
rmhl\n,Frappuccino flavor,Pumpkin Spice in a glass Jar,Decaf Bottled Mocha Lite
Coffee2go\n,Frappuccino flavor,Pumpkin Spice in a glass Jar,Caffeine free vanilla frap in a bottle
acecowboy\n,Frappuccino flavor,Bring back the Classic Frappuccino,Devil's Drink
ThalwilGirls\n,Pumpkin Spice in a glass Jar,Vanilla frapacinos please!,Decaf Bottled Mocha Lite
BrianBe\n,Peanut butter drizzle & peanut butter frapp or choc pb frapp,Frappuccino flavor,Decaf Bottled Mocha Lite
carlkent\n,Pumpkin Spice in a glass Jar,How about a birthday cake drink?,Frappuccino flavor
Ungreen\n,Decaf Bottled Mocha Lite,Chocolate Cinnamon Frappuccino,Frappuccino flavor
Mojoatl\n,Decaf Green tea frappucino,The Classic Frapp,Chocolate Cinnamon Frappuccino
MRJEFF\n,Devil's Drink,Pumpkin Spice in a glass Jar,Thin Mint Frapp
theharryo\n,How about a birthday cake drink?,Bring back the dark chocolate cherry frap,Bring back the Classic Frappuccino
Seer99\n,Belly Blaster Garcinia-ccino,Pumpkin Spice in a glass Jar,Chocolate Cinnamon Frappuccino
SusieBrown\n,Trenta Frappucino,The Classic Frapp,Frappuccino flavor
mickeygrumpy\n,Cotton Candy Frap,Decaf Green tea frappucino,Belly Blaster Garcinia-ccino
Vemma\n,Decaf Green tea frappucino,Thin Mint Frapp,Devil's Drink
ggval\n,How about a birthday cake drink?,Sakura Mochi Frappucino,Decaf Bottled Mocha Lite
tinahrfi\n,Trenta Frappucino,Frappuccino flavor,Pumpkin Spice in a glass Jar
Frapp_Fanatic\n,A Red Velvet Frappuccino,Sakura Mochi Frappucino,Devil's Drink
caprafan\n,Trenta Frappucino,Bring back the Classic Frappuccino,Caffeine free vanilla frap in a bottle
TonyOne\n,Decaf Green tea frappucino,Thin Mint Frapp,Peanut butter drizzle & peanut butter frapp or choc pb frapp
cmlstudio\n,Decaf Green tea frappucino,How about a birthday cake drink?,Peanut butter drizzle & peanut butter frapp or choc pb frapp
dlang\n,Belly Blaster Garcinia-ccino,Sakura Mochi Frappucino,Vanilla frapacinos please!
mt26\n,Decaf Green tea frappucino,Thin Mint Frapp,Maple chip Frappuccino
AndyinPgh\n,Thin Mint Frapp,Peanut butter drizzle & peanut butter frapp or choc pb frapp,Frappuccino flavor
Sean28\n,Chocolate Cinnamon Frappuccino,Raspberry creamsicle frappuccino,Caffeine free vanilla frap in a bottle
markds\n,Sakura Mochi Frappucino,Decaf Bottled Mocha Lite,How about a birthday cake drink?
jerryw\n,Pumpkin Spice in a glass Jar,How about a birthday cake drink?,Decaf Bottled Mocha Lite
holmesr1\n,Frappuccino flavor,How about a birthday cake drink?,The Classic Frapp
KingTim\n,Decaf Green tea frappucino,Thin Mint Frapp,Caffeine free vanilla frap in a bottle
pdxstacey\n,Trenta Frappucino,Frappuccino flavor,Pumpkin Spice in a glass Jar
Featherly\n,Peanut butter drizzle & peanut butter frapp or choc pb frapp,Belly Blaster Garcinia-ccino,Decaf Green tea frappucino
mo_java\n,Sakura Mochi Frappucino,Maple chip Frappuccino,The Classic Frapp
drgreenis\n,Vanilla frapacinos please!,Decaf Bottled Mocha Lite,Peanut butter drizzle & peanut butter frapp or choc pb frapp
XeoinArktos\n,Peanut butter drizzle & peanut butter frapp or choc pb frapp,Belly Blaster Garcinia-ccino,Frappuccino flavor
stephs2\n,Peanut butter drizzle & peanut butter frapp or choc pb frapp,Frappuccino flavor,Bring back the Classic Frappuccino
El_silverstein\n,Belly Blaster Garcinia-ccino,Vanilla frapacinos please!,How about a birthday cake drink?
valetmom\n,Decaf Green tea frappucino,Pumpkin Spice in a glass Jar,Decaf Bottled Mocha Lite
fpalmer321\n,Chocolate Cinnamon Frappuccino,Raspberry creamsicle frappuccino,Vanilla frapacinos please!
ltaylor1\n,Decaf Green tea frappucino,Caffeine free vanilla frap in a bottle,Raspberry creamsicle frappuccino
joseR\n,Trenta Frappucino,Decaf Bottled Mocha Lite,Pumpkin Spice in a glass Jar
kand\n,Belly Blaster Garcinia-ccino,Frappuccino flavor,Pumpkin Spice in a glass Jar
violino1\n,Caffeine free vanilla frap in a bottle,How about a birthday cake drink?,Trenta Frappucino
drakis\n,Maple chip Frappuccino,Decaf Green tea frappucino,Bring back the dark chocolate cherry frap
Beebalm\n,Pumpkin Spice in a glass Jar,Frappuccino flavor,Decaf Green tea frappucino
hannavas\n,Frappuccino flavor,Sakura Mochi Frappucino,How about a birthday cake drink?
DecafDiva0702\n,Pumpkin Spice in a glass Jar,Bring back the dark chocolate cherry frap,Bring back the Classic Frappuccino
svensgirl\n,Bring back the dark chocolate cherry frap,Maple chip Frappuccino,How about a birthday cake drink?
APuckNut\n,Bring back the Classic Frappuccino,How about a birthday cake drink?,Sakura Mochi Frappucino
LisetteWannem\n,Caffeine free vanilla frap in a bottle,Pumpkin Spice in a glass Jar,How about a birthday cake drink?
taishabka\n,Vanilla frapacinos please!,Frappuccino flavor,Decaf Green tea frappucino
Coffe5oh\n,Maple chip Frappuccino,Bring back the dark chocolate cherry frap,Devil's Drink
coffeetweaker\n,Frappuccino flavor,Decaf Bottled Mocha Lite,Pumpkin Spice in a glass Jar
Bill3059\n,Cotton Candy Frap,Sakura Mochi Frappucino,The Classic Frapp
margopol\n,Frappuccino flavor,How about a birthday cake drink?,Decaf Bottled Mocha Lite
HERSCH\n,A Red Velvet Frappuccino,Sakura Mochi Frappucino,Salted hazelnut frappuccino !
nodrive\n,Frappuccino flavor,Decaf Green tea frappucino,Pumpkin Spice in a glass Jar
markja\n,Decaf Bottled Mocha Lite,Frappuccino flavor,Trenta Frappucino
naveenurs\n,Peanut butter drizzle & peanut butter frapp or choc pb frapp,Salted hazelnut frappuccino !,How about a birthday cake drink?
Pgy\n,Decaf Green tea frappucino,Frappuccino flavor,Caffeine free vanilla frap in a bottle
2goodforu\n,Peanut butter drizzle & peanut butter frapp or choc pb frapp,Thin Mint Frapp,Pumpkin Spice in a glass Jar
jramire2\n,Caffeine free vanilla frap in a bottle,Frappuccino flavor,Pumpkin Spice in a glass Jar
Crzymn711\n,Decaf Green tea frappucino,Frappuccino flavor,Pumpkin Spice in a glass Jar
AcceptableSN\n,A Red Velvet Frappuccino,Decaf Bottled Mocha Lite,Sakura Mochi Frappucino
juthu\n,Pumpkin Spice in a glass Jar,Trenta Frappucino,Frappuccino flavor
FmrBrsta\n,Devil's Drink,Maple chip Frappuccino,Pumpkin Spice in a glass Jar
harrystyles\n,The Classic Frapp,Caffeine free vanilla frap in a bottle,Chocolate Cinnamon Frappuccino
CPUwhiz\n,Trenta Frappucino,Frappuccino flavor,Belly Blaster Garcinia-ccino
mokie_bu\n,Belly Blaster Garcinia-ccino,Trenta Frappucino,How about a birthday cake drink?
jseek21\n,Caffeine free vanilla frap in a bottle,How about a birthday cake drink?,Pumpkin Spice in a glass Jar
happylady\n,Maple chip Frappuccino,Devil's Drink,Bring back the dark chocolate cherry frap
mamamiacher\n,Frappuccino flavor,Decaf Bottled Mocha Lite,Pumpkin Spice in a glass Jar
elgundaker\n,How about a birthday cake drink?,Salted hazelnut frappuccino !,Belly Blaster Garcinia-ccino
Celinefan\n,Thin Mint Frapp,Salted hazelnut frappuccino !,How about a birthday cake drink?
VentWhiteMocha\n,Raspberry creamsicle frappuccino,Belly Blaster Garcinia-ccino,Sakura Mochi Frappucino
masterd1996\n,Decaf Green tea frappucino,Trenta Frappucino,How about a birthday cake drink?
OnTheFritts\n,Cotton Candy Frap,Belly Blaster Garcinia-ccino,Caffeine free vanilla frap in a bottle
caaarli\n,Vanilla frapacinos please!,Chocolate Cinnamon Frappuccino,A Red Velvet Frappuccino
Meghraj\n,Frappuccino flavor,Belly Blaster Garcinia-ccino,Decaf Bottled Mocha Lite
fretman\n,Peanut butter drizzle & peanut butter frapp or choc pb frapp,Caffeine free vanilla frap in a bottle,Pumpkin Spice in a glass Jar
evolution\n,Frappuccino flavor,Decaf Green tea frappucino,Decaf Bottled Mocha Lite
1961\n,Trenta Frappucino,Frappuccino flavor,Pumpkin Spice in a glass Jar
denisehanna23\n,How about a birthday cake drink?,Belly Blaster Garcinia-ccino,Chocolate Cinnamon Frappuccino
swheart\n,Devil's Drink,How about a birthday cake drink?,Decaf Bottled Mocha Lite
followon\n,How about a birthday cake drink?,Devil's Drink,Chocolate Cinnamon Frappuccino
zarkesh\n,Maple chip Frappuccino,Trenta Frappucino,Frappuccino flavor
cdsamurai\n,How about a birthday cake drink?,Pumpkin Spice in a glass Jar,Sakura Mochi Frappucino
starmyoren\n,Belly Blaster Garcinia-ccino,Devil's Drink,The Classic Frapp
Ironman6\n,Bring back the Classic Frappuccino,Decaf Bottled Mocha Lite,Frappuccino flavor
queenflyer\n,Thin Mint Frapp,Chocolate Cinnamon Frappuccino,Frappuccino flavor
scarby\n,Cotton Candy Frap,Belly Blaster Garcinia-ccino,Decaf Bottled Mocha Lite
L2W\n,Chocolate Cinnamon Frappuccino,Salted hazelnut frappuccino !,Devil's Drink
newcustomer22\n,Peanut butter drizzle & peanut butter frapp or choc pb frapp,Frappuccino flavor,A Red Velvet Frappuccino
RevJohn\n,Decaf Bottled Mocha Lite,Caffeine free vanilla frap in a bottle,How about a birthday cake drink?
heyangelo\n,Vanilla frapacinos please!,How about a birthday cake drink?,Decaf Bottled Mocha Lite
musicn7\n,Pumpkin Spice in a glass Jar,How about a birthday cake drink?,Decaf Bottled Mocha Lite
Adrianadazo\n,Vanilla frapacinos please!,Pumpkin Spice in a glass Jar,Decaf Bottled Mocha Lite
Katiekat\n,Pumpkin Spice in a glass Jar,Frappuccino flavor,How about a birthday cake drink?
starbaby\n,How about a birthday cake drink?,Decaf Bottled Mocha Lite,Maple chip Frappuccino
imajen11\n,Chocolate Cinnamon Frappuccino,Raspberry creamsicle frappuccino,Maple chip Frappuccino
JoeH\n,Pumpkin Spice in a glass Jar,Decaf Bottled Mocha Lite,Frappuccino flavor
izzy2000\n,Raspberry creamsicle frappuccino,Chocolate Cinnamon Frappuccino,Pumpkin Spice in a glass Jar
jagfan7\n,Trenta Frappucino,Decaf Green tea frappucino,Pumpkin Spice in a glass Jar
teodor2rempel\n,Trenta Frappucino,Vanilla frapacinos please!,Chocolate Cinnamon Frappuccino
philc77\n,How about a birthday cake drink?,Devil's Drink,Trenta Frappucino
helix\n,Frappuccino flavor,How about a birthday cake drink?,Decaf Bottled Mocha Lite
trkraha\n,Maple chip Frappuccino,Devil's Drink,Bring back the dark chocolate cherry frap
judyvermont\n,Chocolate Cinnamon Frappuccino,Maple chip Frappuccino,Bring back the dark chocolate cherry frap
Packerfan1966\n,Decaf Bottled Mocha Lite,Decaf Green tea frappucino,Chocolate Cinnamon Frappuccino
BigLesCov\n,Decaf Bottled Mocha Lite,Devil's Drink,Salted hazelnut frappuccino !
MelissaM\n,Devil's Drink,Frappuccino flavor,Bring back the Classic Frappuccino
TonyML\n,Maple chip Frappuccino,Vanilla frapacinos please!,Chocolate Cinnamon Frappuccino
croszell\n,Decaf Green tea frappucino,Thin Mint Frapp,Decaf Bottled Mocha Lite
JCD\n,How about a birthday cake drink?,Decaf Bottled Mocha Lite,Thin Mint Frapp
Superchick21\n,Frappuccino flavor,Belly Blaster Garcinia-ccino,Decaf Green tea frappucino
micheleh\n,Decaf Bottled Mocha Lite,How about a birthday cake drink?,Frappuccino flavor
CaptainChris\n,Pumpkin Spice in a glass Jar,Decaf Bottled Mocha Lite,How about a birthday cake drink?
jmiller\n,Cotton Candy Frap,Frappuccino flavor,Decaf Green tea frappucino
r_m_p\n,Chocolate Cinnamon Frappuccino,Bring back the dark chocolate cherry frap,Maple chip Frappuccino
cmwkrn\n,Pumpkin Spice in a glass Jar,Trenta Frappucino,Thin Mint Frapp
CharliesGG\n,Sakura Mochi Frappucino,Thin Mint Frapp,Devil's Drink
plztrustme\n,Devil's Drink,Thin Mint Frapp,The Classic Frapp
M123456U\n,How about a birthday cake drink?,Sakura Mochi Frappucino,Pumpkin Spice in a glass Jar
another8a\n,The Classic Frapp,Caffeine free vanilla frap in a bottle,Chocolate Cinnamon Frappuccino
blkeye23\n,Decaf Green tea frappucino,Decaf Bottled Mocha Lite,Pumpkin Spice in a glass Jar
addwhip\n,How about a birthday cake drink?,Maple chip Frappuccino,Chocolate Cinnamon Frappuccino
emariceg\n,Vanilla frapacinos please!,Chocolate Cinnamon Frappuccino,Devil's Drink
PeaceLuvCoffee\n,Devil's Drink,Sakura Mochi Frappucino,Peanut butter drizzle & peanut butter frapp or choc pb frapp
knwinter\n,Pumpkin Spice in a glass Jar,Decaf Bottled Mocha Lite,Sakura Mochi Frappucino
fayannre\n,Pumpkin Spice in a glass Jar,How about a birthday cake drink?,Frappuccino flavor
trironma\n,Peanut butter drizzle & peanut butter frapp or choc pb frapp,How about a birthday cake drink?,Frappuccino flavor
charleereno\n,Pumpkin Spice in a glass Jar,How about a birthday cake drink?,The Classic Frapp
LynnShaw\n,Peanut butter drizzle & peanut butter frapp or choc pb frapp,Pumpkin Spice in a glass Jar,Devil's Drink
cecyhendersman\n,Vanilla frapacinos please!,How about a birthday cake drink?,Pumpkin Spice in a glass Jar
YUMMYGOOD\n,Pumpkin Spice in a glass Jar,Raspberry creamsicle frappuccino,Decaf Bottled Mocha Lite
chinxiaoluke\n,Vanilla frapacinos please!,Maple chip Frappuccino,Salted hazelnut frappuccino !
seallid\n,Pumpkin Spice in a glass Jar,The Classic Frapp,How about a birthday cake drink?
Decaf13\n,Caffeine free vanilla frap in a bottle,How about a birthday cake drink?,Maple chip Frappuccino
Cruzle\n,Devil's Drink,Decaf Bottled Mocha Lite,Salted hazelnut frappuccino !
Bendite\n,Sakura Mochi Frappucino,Pumpkin Spice in a glass Jar,Thin Mint Frapp
JulieM\n,Chocolate Cinnamon Frappuccino,Belly Blaster Garcinia-ccino,Devil's Drink
litbit\n,Decaf Green tea frappucino,Thin Mint Frapp,Pumpkin Spice in a glass Jar
maxwell9\n,Decaf Green tea frappucino,Decaf Bottled Mocha Lite,Thin Mint Frapp
SD128\n,A Red Velvet Frappuccino,Decaf Bottled Mocha Lite,Decaf Green tea frappucino
Jcbueno\n,Salted hazelnut frappuccino !,How about a birthday cake drink?,Thin Mint Frapp
Snipe73\n,Sakura Mochi Frappucino,How about a birthday cake drink?,Devil's Drink
dkato24\n,Pumpkin Spice in a glass Jar,How about a birthday cake drink?,Frappuccino flavor
JML1514\n,Bring back the Classic Frappuccino,Decaf Green tea frappucino,Frappuccino flavor
Mouse720\n,Decaf Bottled Mocha Lite,Decaf Green tea frappucino,Frappuccino flavor
anjojajo99\n,Decaf Bottled Mocha Lite,Pumpkin Spice in a glass Jar,Devil's Drink
ErrNET\n,Vanilla frapacinos please!,Decaf Bottled Mocha Lite,Pumpkin Spice in a glass Jar
RVance\n,Belly Blaster Garcinia-ccino,Pumpkin Spice in a glass Jar,Trenta Frappucino
Indyleader\n,Caffeine free vanilla frap in a bottle,How about a birthday cake drink?,Frappuccino flavor
Marcusnu\n,The Classic Frapp,Caffeine free vanilla frap in a bottle,Chocolate Cinnamon Frappuccino
1yogagirl\n,Decaf Bottled Mocha Lite,Belly Blaster Garcinia-ccino,Pumpkin Spice in a glass Jar
Houlke\n,Pumpkin Spice in a glass Jar,Cotton Candy Frap,Frappuccino flavor
katko\n,Pumpkin Spice in a glass Jar,Chocolate Cinnamon Frappuccino,Maple chip Frappuccino
gameplan\n,Sakura Mochi Frappucino,Devil's Drink,Decaf Bottled Mocha Lite
HotAlt\n,Caffeine free vanilla frap in a bottle,Sakura Mochi Frappucino,How about a birthday cake drink?
tk7997\n,Decaf Green tea frappucino,Vanilla frapacinos please!,Thin Mint Frapp
tankmacman\n,Pumpkin Spice in a glass Jar,Devil's Drink,How about a birthday cake drink?
Raven40\n,Trenta Frappucino,Frappuccino flavor,The Classic Frapp
savegreenbacks\n,Trenta Frappucino,Frappuccino flavor,Peanut butter drizzle & peanut butter frapp or choc pb frapp
PamCan\n,Bring back the Classic Frappuccino,Decaf Bottled Mocha Lite,Devil's Drink
bigtrouble1\n,Decaf Green tea frappucino,Decaf Bottled Mocha Lite,Belly Blaster Garcinia-ccino
JAMF\n,The Classic Frapp,Caffeine free vanilla frap in a bottle,Chocolate Cinnamon Frappuccino
ranesbitt14\n,Decaf Bottled Mocha Lite,Sakura Mochi Frappucino,Salted hazelnut frappuccino !
geralyn\n,The Classic Frapp,Caffeine free vanilla frap in a bottle,Chocolate Cinnamon Frappuccino
morningrunner\n,Devil's Drink,Decaf Bottled Mocha Lite,Pumpkin Spice in a glass Jar
tanyaj\n,Caffeine free vanilla frap in a bottle,Decaf Bottled Mocha Lite,Belly Blaster Garcinia-ccino
AsaTibb\n,Frappuccino flavor,Pumpkin Spice in a glass Jar,Sakura Mochi Frappucino
MerciJim\n,Peanut butter drizzle & peanut butter frapp or choc pb frapp,How about a birthday cake drink?,Vanilla frapacinos please!
Lisergishnu\n,Decaf Bottled Mocha Lite,Maple chip Frappuccino,Pumpkin Spice in a glass Jar
Kototi\n,Pumpkin Spice in a glass Jar,The Classic Frapp,Chocolate Cinnamon Frappuccino
mcmorales\n,Trenta Frappucino,Frappuccino flavor,Caffeine free vanilla frap in a bottle
picmeup\n,Caffeine free vanilla frap in a bottle,How about a birthday cake drink?,Frappuccino flavor
NimbleBean\n,Cotton Candy Frap,Thin Mint Frapp,The Classic Frapp
dizzygirl\n,How about a birthday cake drink?,Caffeine free vanilla frap in a bottle,Pumpkin Spice in a glass Jar
KingSJB\n,Cotton Candy Frap,Belly Blaster Garcinia-ccino,Salted hazelnut frappuccino !
MikefromCement\n,The Classic Frapp,Sakura Mochi Frappucino,Frappuccino flavor
AtHome\n,How about a birthday cake drink?,Frappuccino flavor,Pumpkin Spice in a glass Jar
MCommerce\n,Trenta Frappucino,Maple chip Frappuccino,Vanilla frapacinos please!
John_Smilez\n,Decaf Bottled Mocha Lite,Pumpkin Spice in a glass Jar,A Red Velvet Frappuccino
JulesCoffee\n,Trenta Frappucino,How about a birthday cake drink?,Peanut butter drizzle & peanut butter frapp or choc pb frapp
mukeshrijhwani\n,Pumpkin Spice in a glass Jar,The Classic Frapp,Chocolate Cinnamon Frappuccino
carnetto\n,Salted hazelnut frappuccino !,Trenta Frappucino,Sakura Mochi Frappucino
lj301\n,Pumpkin Spice in a glass Jar,How about a birthday cake drink?,Decaf Bottled Mocha Lite
Rubicon\n,Frappuccino flavor,Belly Blaster Garcinia-ccino,The Classic Frapp
themebiz\n,Trenta Frappucino,The Classic Frapp,Devil's Drink
CustIdea0001\n,Decaf Bottled Mocha Lite,Decaf Green tea frappucino,How about a birthday cake drink?
polira\n,Decaf Green tea frappucino,Thin Mint Frapp,Caffeine free vanilla frap in a bottle
dustina25\n,Decaf Green tea frappucino,Pumpkin Spice in a glass Jar,Decaf Bottled Mocha Lite
sbxdadx3\n,Cotton Candy Frap,Caffeine free vanilla frap in a bottle,Frappuccino flavor
BrianS2427\n,Frappuccino flavor,Devil's Drink,Decaf Bottled Mocha Lite
Shelbysac\n,How about a birthday cake drink?,Maple chip Frappuccino,Devil's Drink
act7p\n,Pumpkin Spice in a glass Jar,Decaf Bottled Mocha Lite,The Classic Frapp
NYCDIVA\n,Caffeine free vanilla frap in a bottle,How about a birthday cake drink?,Chocolate Cinnamon Frappuccino
ac5895\n,Decaf Green tea frappucino,Pumpkin Spice in a glass Jar,Thin Mint Frapp
cynthiachen\n,Bring back the Classic Frappuccino,Pumpkin Spice in a glass Jar,Trenta Frappucino
shawndy74\n,Caffeine free vanilla frap in a bottle,Pumpkin Spice in a glass Jar,Chocolate Cinnamon Frappuccino
shannytan82\n,Bring back the Classic Frappuccino,Pumpkin Spice in a glass Jar,Bring back the dark chocolate cherry frap
KramStarbucks\n,How about a birthday cake drink?,Thin Mint Frapp,Caffeine free vanilla frap in a bottle
missesau\n,Cotton Candy Frap,Belly Blaster Garcinia-ccino,Peanut butter drizzle & peanut butter frapp or choc pb frapp
bdowning42\n,Frappuccino flavor,Belly Blaster Garcinia-ccino,The Classic Frapp
ingridaparicio\n,The Classic Frapp,Caffeine free vanilla frap in a bottle,Chocolate Cinnamon Frappuccino
BTR\n,Pumpkin Spice in a glass Jar,Frappuccino flavor,Decaf Bottled Mocha Lite
quaildogs\n,Decaf Green tea frappucino,Pumpkin Spice in a glass Jar,Sakura Mochi Frappucino
LewisburgStar\n,Pumpkin Spice in a glass Jar,How about a birthday cake drink?,Caffeine free vanilla frap in a bottle
Justlovecoffee\n,How about a birthday cake drink?,The Classic Frapp,Chocolate Cinnamon Frappuccino
Ryan19908\n,Belly Blaster Garcinia-ccino,Maple chip Frappuccino,Chocolate Cinnamon Frappuccino
Lompie\n,Pumpkin Spice in a glass Jar,Decaf Bottled Mocha Lite,Frappuccino flavor
VAMPESS7\n,Raspberry creamsicle frappuccino,Pumpkin Spice in a glass Jar,Trenta Frappucino
KrystaandIan\n,Frappuccino flavor,Devil's Drink,How about a birthday cake drink?
KBC1969\n,Sakura Mochi Frappucino,A Red Velvet Frappuccino,Pumpkin Spice in a glass Jar
Sarahski\n,Frappuccino flavor,Pumpkin Spice in a glass Jar,Belly Blaster Garcinia-ccino
tkdmom\n,Decaf Bottled Mocha Lite,Devil's Drink,Vanilla frapacinos please!
kell\n,Belly Blaster Garcinia-ccino,The Classic Frapp,Decaf Bottled Mocha Lite
mani123\n,A Red Velvet Frappuccino,Maple chip Frappuccino,Devil's Drink
proudwifeada\n,Decaf Green tea frappucino,Thin Mint Frapp,Chocolate Cinnamon Frappuccino
winstonsalem\n,The Classic Frapp,How about a birthday cake drink?,Decaf Green tea frappucino
jctorres\n,How about a birthday cake drink?,Decaf Bottled Mocha Lite,Devil's Drink
jefry\n,Decaf Bottled Mocha Lite,Caffeine free vanilla frap in a bottle,Pumpkin Spice in a glass Jar
Slew\n,Decaf Bottled Mocha Lite,Frappuccino flavor,A Red Velvet Frappuccino
maijaahonen\n,Decaf Green tea frappucino,Vanilla frapacinos please!,Devil's Drink
aesun\n,Pumpkin Spice in a glass Jar,Trenta Frappucino,Belly Blaster Garcinia-ccino
SBXMAM\n,Raspberry creamsicle frappuccino,Chocolate Cinnamon Frappuccino,Vanilla frapacinos please!
maryjack\n,Caffeine free vanilla frap in a bottle,Raspberry creamsicle frappuccino,Chocolate Cinnamon Frappuccino
FoodieP\n,Chocolate Cinnamon Frappuccino,Raspberry creamsicle frappuccino,Caffeine free vanilla frap in a bottle
latte_girl00\n,The Classic Frapp,Pumpkin Spice in a glass Jar,Thin Mint Frapp
Hugger\n,Decaf Green tea frappucino,Vanilla frapacinos please!,Thin Mint Frapp
chicagoj\n,Pumpkin Spice in a glass Jar,Trenta Frappucino,Thin Mint Frapp
redsteve\n,Decaf Green tea frappucino,Pumpkin Spice in a glass Jar,Decaf Bottled Mocha Lite
Terbuz\n,Decaf Green tea frappucino,Salted hazelnut frappuccino !,Decaf Bottled Mocha Lite
clpnyc\n,The Classic Frapp,Pumpkin Spice in a glass Jar,Frappuccino flavor
CatalinaM\n,The Classic Frapp,Frappuccino flavor,How about a birthday cake drink?
coffeeloverxD1\n,How about a birthday cake drink?,Belly Blaster Garcinia-ccino,Decaf Bottled Mocha Lite
JasonB\n,Thin Mint Frapp,How about a birthday cake drink?,Salted hazelnut frappuccino !
harleyflanders\n,Sakura Mochi Frappucino,Devil's Drink,Maple chip Frappuccino
George4ever\n,Decaf Green tea frappucino,Bring back the Classic Frappuccino,Thin Mint Frapp
krisi53\n,Decaf Green tea frappucino,Frappuccino flavor,Caffeine free vanilla frap in a bottle
tealemonade\n,Pumpkin Spice in a glass Jar,Devil's Drink,The Classic Frapp
KoolKups\n,Pumpkin Spice in a glass Jar,Trenta Frappucino,Vanilla frapacinos please!
FN2388\n,Decaf Bottled Mocha Lite,Pumpkin Spice in a glass Jar,How about a birthday cake drink?
StrbckIdea\n,Devil's Drink,The Classic Frapp,Frappuccino flavor
Pablo\n,Vanilla frapacinos please!,Pumpkin Spice in a glass Jar,Peanut butter drizzle & peanut butter frapp or choc pb frapp
kathybme\n,Thin Mint Frapp,How about a birthday cake drink?,Pumpkin Spice in a glass Jar
icedventima\n,The Classic Frapp,Caffeine free vanilla frap in a bottle,Chocolate Cinnamon Frappuccino
alyshagray\n,Salted hazelnut frappuccino !,Chocolate Cinnamon Frappuccino,Decaf Bottled Mocha Lite
flutterbyy\n,Decaf Green tea frappucino,Decaf Bottled Mocha Lite,Thin Mint Frapp
Dr_Mupapa\n,Peanut butter drizzle & peanut butter frapp or choc pb frapp,Belly Blaster Garcinia-ccino,Decaf Green tea frappucino
eabjork\n,Trenta Frappucino,Caffeine free vanilla frap in a bottle,Belly Blaster Garcinia-ccino
capitts\n,Thin Mint Frapp,Trenta Frappucino,The Classic Frapp
sbhippie\n,A Red Velvet Frappuccino,Decaf Green tea frappucino,Peanut butter drizzle & peanut butter frapp or choc pb frapp
SoyVnila\n,Belly Blaster Garcinia-ccino,Pumpkin Spice in a glass Jar,The Classic Frapp
ArborMt\n,The Classic Frapp,Decaf Bottled Mocha Lite,Pumpkin Spice in a glass Jar
cafebeagle\n,A Red Velvet Frappuccino,Belly Blaster Garcinia-ccino,Salted hazelnut frappuccino !
brownsweet\n,Peanut butter drizzle & peanut butter frapp or choc pb frapp,How about a birthday cake drink?,Pumpkin Spice in a glass Jar
mrjimmy\n,Peanut butter drizzle & peanut butter frapp or choc pb frapp,Decaf Green tea frappucino,Pumpkin Spice in a glass Jar
Pam\n,Vanilla frapacinos please!,Pumpkin Spice in a glass Jar,Frappuccino flavor
Smoppes1\n,Trenta Frappucino,Vanilla frapacinos please!,Frappuccino flavor
Kkrame\n,The Classic Frapp,Caffeine free vanilla frap in a bottle,Chocolate Cinnamon Frappuccino
MsmileyD\n,Bring back the dark chocolate cherry frap,Chocolate Cinnamon Frappuccino,Frappuccino flavor
Dulce\n,Pumpkin Spice in a glass Jar,Frappuccino flavor,The Classic Frapp
mistyacr\n,Frappuccino flavor,Decaf Green tea frappucino,Bring back the Classic Frappuccino
klebsack\n,How about a birthday cake drink?,Frappuccino flavor,Belly Blaster Garcinia-ccino
ericj610\n,Bring back the Classic Frappuccino,Pumpkin Spice in a glass Jar,Caffeine free vanilla frap in a bottle
banity\n,Maple chip Frappuccino,Decaf Bottled Mocha Lite,Belly Blaster Garcinia-ccino
sola\n,Pumpkin Spice in a glass Jar,A Red Velvet Frappuccino,Maple chip Frappuccino
Lbrandy1\n,Belly Blaster Garcinia-ccino,Pumpkin Spice in a glass Jar,Salted hazelnut frappuccino !
rjmonta\n,Frappuccino flavor,Decaf Bottled Mocha Lite,A Red Velvet Frappuccino
Inspired87\n,Frappuccino flavor,A Red Velvet Frappuccino,Chocolate Cinnamon Frappuccino
CaribQT\n,Thin Mint Frapp,Devil's Drink,Maple chip Frappuccino
davidrdriscoll\n,Thin Mint Frapp,Frappuccino flavor,Caffeine free vanilla frap in a bottle
and_more\n,Pumpkin Spice in a glass Jar,Salted hazelnut frappuccino !,Decaf Bottled Mocha Lite
Willards69\n,Trenta Frappucino,Maple chip Frappuccino,Frappuccino flavor
Delilah\n,How about a birthday cake drink?,Decaf Bottled Mocha Lite,Sakura Mochi Frappucino
tictoc\n,Maple chip Frappuccino,Caffeine free vanilla frap in a bottle,How about a birthday cake drink?
raeolite\n,Decaf Bottled Mocha Lite,Frappuccino flavor,Pumpkin Spice in a glass Jar
xpressoh\n,Peanut butter drizzle & peanut butter frapp or choc pb frapp,Bring back the Classic Frappuccino,Decaf Green tea frappucino
MLoria\n,Devil's Drink,Pumpkin Spice in a glass Jar,How about a birthday cake drink?
sasoderl\n,Salted hazelnut frappuccino !,Bring back the dark chocolate cherry frap,Bring back the Classic Frappuccino
NJJenn74\n,Pumpkin Spice in a glass Jar,How about a birthday cake drink?,Decaf Bottled Mocha Lite
Tripp\n,How about a birthday cake drink?,The Classic Frapp,Decaf Green tea frappucino
SunnySD\n,Frappuccino flavor,Pumpkin Spice in a glass Jar,The Classic Frapp
KarineRivet\n,Decaf Bottled Mocha Lite,The Classic Frapp,Chocolate Cinnamon Frappuccino
UncleBuck\n,Trenta Frappucino,Vanilla frapacinos please!,Caffeine free vanilla frap in a bottle
zhuchen\n,Pumpkin Spice in a glass Jar,The Classic Frapp,Chocolate Cinnamon Frappuccino
ann26\n,How about a birthday cake drink?,Frappuccino flavor,Salted hazelnut frappuccino !
ElSchteek\n,Pumpkin Spice in a glass Jar,The Classic Frapp,Chocolate Cinnamon Frappuccino
billyjoel\n,Pumpkin Spice in a glass Jar,How about a birthday cake drink?,Devil's Drink
adob50\n,Salted hazelnut frappuccino !,How about a birthday cake drink?,Thin Mint Frapp
traceyfitz\n,The Classic Frapp,Frappuccino flavor,Decaf Bottled Mocha Lite
tahiti\n,Pumpkin Spice in a glass Jar,Decaf Bottled Mocha Lite,Maple chip Frappuccino
lsophia\n,Caffeine free vanilla frap in a bottle,How about a birthday cake drink?,Chocolate Cinnamon Frappuccino
Flygjava\n,Pumpkin Spice in a glass Jar,Caffeine free vanilla frap in a bottle,The Classic Frapp
frankie1\n,How about a birthday cake drink?,Sakura Mochi Frappucino,Maple chip Frappuccino
forgottenhome\n,Trenta Frappucino,Frappuccino flavor,Decaf Bottled Mocha Lite
dabeho\n,How about a birthday cake drink?,Frappuccino flavor,Pumpkin Spice in a glass Jar
miracle27\n,Trenta Frappucino,A Red Velvet Frappuccino,Chocolate Cinnamon Frappuccino
Coppergirl\n,The Classic Frapp,Caffeine free vanilla frap in a bottle,Chocolate Cinnamon Frappuccino
gjkoras\n,Pumpkin Spice in a glass Jar,Chocolate Cinnamon Frappuccino,Decaf Bottled Mocha Lite
venice\n,Bring back the dark chocolate cherry frap,Bring back the Classic Frappuccino,Pumpkin Spice in a glass Jar
me32\n,Belly Blaster Garcinia-ccino,Pumpkin Spice in a glass Jar,Decaf Bottled Mocha Lite
msherry1000\n,The Classic Frapp,Frappuccino flavor,Devil's Drink
Dbakess\n,Pumpkin Spice in a glass Jar,How about a birthday cake drink?,Devil's Drink
jane2323\n,Peanut butter drizzle & peanut butter frapp or choc pb frapp,Thin Mint Frapp,Pumpkin Spice in a glass Jar
GIVENRECEIVE\n,Trenta Frappucino,Devil's Drink,Caffeine free vanilla frap in a bottle
keokab\n,Pumpkin Spice in a glass Jar,Thin Mint Frapp,Sakura Mochi Frappucino
mcgutierrez01\n,Raspberry creamsicle frappuccino,Chocolate Cinnamon Frappuccino,Caffeine free vanilla frap in a bottle
OStateOK\n,How about a birthday cake drink?,Pumpkin Spice in a glass Jar,Frappuccino flavor
Harley50th\n,Sakura Mochi Frappucino,How about a birthday cake drink?,Belly Blaster Garcinia-ccino
FloridaTeacher\n,Vanilla frapacinos please!,Sakura Mochi Frappucino,The Classic Frapp
Ellsswhere\n,Peanut butter drizzle & peanut butter frapp or choc pb frapp,How about a birthday cake drink?,Pumpkin Spice in a glass Jar
starbucks4reg\n,Bring back the Classic Frappuccino,Thin Mint Frapp,Pumpkin Spice in a glass Jar
grantrss\n,Pumpkin Spice in a glass Jar,Frappuccino flavor,Trenta Frappucino
d8ad52c9-0b46-4a43-9177-b8d59bf74367\n,Maple chip Frappuccino,Devil's Drink,Chocolate Cinnamon Frappuccino
wakkopoe\n,Decaf Green tea frappucino,Belly Blaster Garcinia-ccino,Thin Mint Frapp
rusgel\n,Vanilla frapacinos please!,Sakura Mochi Frappucino,Maple chip Frappuccino
nedrey\n,Pumpkin Spice in a glass Jar,How about a birthday cake drink?,Caffeine free vanilla frap in a bottle
Mannagal\n,Decaf Bottled Mocha Lite,Belly Blaster Garcinia-ccino,Pumpkin Spice in a glass Jar
alenem\n,Decaf Green tea frappucino,Thin Mint Frapp,Vanilla frapacinos please!
BuckeyeMan\n,Sakura Mochi Frappucino,The Classic Frapp,Chocolate Cinnamon Frappuccino
Sneffi\n,Pumpkin Spice in a glass Jar,Raspberry creamsicle frappuccino,Devil's Drink
JoyMar\n,Pumpkin Spice in a glass Jar,The Classic Frapp,How about a birthday cake drink?
TheBon\n,Decaf Green tea frappucino,Thin Mint Frapp,Devil's Drink
Chaidye\n,Devil's Drink,Pumpkin Spice in a glass Jar,Belly Blaster Garcinia-ccino
victorious1\n,Peanut butter drizzle & peanut butter frapp or choc pb frapp,Salted hazelnut frappuccino !,How about a birthday cake drink?
Cheeka\n,Caffeine free vanilla frap in a bottle,Pumpkin Spice in a glass Jar,How about a birthday cake drink?
kdlele\n,Decaf Green tea frappucino,Thin Mint Frapp,Devil's Drink
sewergurl\n,Raspberry creamsicle frappuccino,Pumpkin Spice in a glass Jar,Peanut butter drizzle & peanut butter frapp or choc pb frapp
sgurney\n,How about a birthday cake drink?,Pumpkin Spice in a glass Jar,Trenta Frappucino
Richar62\n,How about a birthday cake drink?,Devil's Drink,Pumpkin Spice in a glass Jar
longhrs\n,Vanilla frapacinos please!,How about a birthday cake drink?,Frappuccino flavor
pakowki\n,Cotton Candy Frap,Decaf Bottled Mocha Lite,Belly Blaster Garcinia-ccino
rayandsay\n,The Classic Frapp,Salted hazelnut frappuccino !,How about a birthday cake drink?
BeQay\n,How about a birthday cake drink?,Devil's Drink,The Classic Frapp
Jstncase\n,Frappuccino flavor,A Red Velvet Frappuccino,How about a birthday cake drink?
erookey\n,Salted hazelnut frappuccino !,How about a birthday cake drink?,Pumpkin Spice in a glass Jar
coffee31\n,How about a birthday cake drink?,Pumpkin Spice in a glass Jar,Caffeine free vanilla frap in a bottle
janecoffee\n,Devil's Drink,Sakura Mochi Frappucino,Frappuccino flavor
6SugarMocha\n,Pumpkin Spice in a glass Jar,How about a birthday cake drink?,Decaf Bottled Mocha Lite
OneBlonde\n,Decaf Bottled Mocha Lite,Caffeine free vanilla frap in a bottle,Decaf Green tea frappucino
elstella\n,Decaf Green tea frappucino,The Classic Frapp,Salted hazelnut frappuccino !
finicky\n,Bring back the Classic Frappuccino,Frappuccino flavor,Salted hazelnut frappuccino !
forreal\n,Pumpkin Spice in a glass Jar,How about a birthday cake drink?,Devil's Drink
kai6novi\n,Maple chip Frappuccino,Bring back the dark chocolate cherry frap,Devil's Drink
ddwife\n,Peanut butter drizzle & peanut butter frapp or choc pb frapp,How about a birthday cake drink?,Pumpkin Spice in a glass Jar
wyfantnt\n,Caffeine free vanilla frap in a bottle,The Classic Frapp,Chocolate Cinnamon Frappuccino
edm15\n,The Classic Frapp,Caffeine free vanilla frap in a bottle,How about a birthday cake drink?
AliceZhang1234\n,Belly Blaster Garcinia-ccino,Sakura Mochi Frappucino,The Classic Frapp
XtallMocha\n,How about a birthday cake drink?,Frappuccino flavor,Chocolate Cinnamon Frappuccino
grandeskimcap\n,Decaf Green tea frappucino,Decaf Bottled Mocha Lite,How about a birthday cake drink?
laur2835\n,Pumpkin Spice in a glass Jar,Trenta Frappucino,Decaf Bottled Mocha Lite
mandymanesh\n,Vanilla frapacinos please!,Frappuccino flavor,Thin Mint Frapp
dana_s\n,Bring back the Classic Frappuccino,The Classic Frapp,Chocolate Cinnamon Frappuccino
Taco\n,Frappuccino flavor,Belly Blaster Garcinia-ccino,The Classic Frapp
pumpkinlover97\n,Pumpkin Spice in a glass Jar,Vanilla frapacinos please!,Decaf Bottled Mocha Lite
bballmer\n,Pumpkin Spice in a glass Jar,The Classic Frapp,Devil's Drink
Jllman\n,Maple chip Frappuccino,Bring back the dark chocolate cherry frap,Devil's Drink
GR8Java\n,Salted hazelnut frappuccino !,How about a birthday cake drink?,Sakura Mochi Frappucino
Terra75\n,How about a birthday cake drink?,Pumpkin Spice in a glass Jar,The Classic Frapp
cvann077\n,Trenta Frappucino,Caffeine free vanilla frap in a bottle,Vanilla frapacinos please!
MaryLiza\n,Bring back the Classic Frappuccino,Frappuccino flavor,Decaf Green tea frappucino
DBoggs\n,Frappuccino flavor,Belly Blaster Garcinia-ccino,The Classic Frapp
keoki21\n,Decaf Bottled Mocha Lite,The Classic Frapp,Chocolate Cinnamon Frappuccino
starbucksguru12\n,Bring back the Classic Frappuccino,Decaf Bottled Mocha Lite,The Classic Frapp
sdpetrarca\n,Pumpkin Spice in a glass Jar,Bring back the dark chocolate cherry frap,Bring back the Classic Frappuccino
krazy4starbks\n,Peanut butter drizzle & peanut butter frapp or choc pb frapp,Sakura Mochi Frappucino,The Classic Frapp
Dreyneerose\n,Frappuccino flavor,How about a birthday cake drink?,The Classic Frapp
Casafamily\n,The Classic Frapp,Caffeine free vanilla frap in a bottle,Chocolate Cinnamon Frappuccino
Magpie54\n,Cotton Candy Frap,Pumpkin Spice in a glass Jar,Caffeine free vanilla frap in a bottle
organia\n,Frappuccino flavor,The Classic Frapp,Belly Blaster Garcinia-ccino
BruinJef\n,Decaf Green tea frappucino,Caffeine free vanilla frap in a bottle,Trenta Frappucino
grotepimmel\n,A Red Velvet Frappuccino,Decaf Bottled Mocha Lite,Frappuccino flavor
annemccabe\n,Vanilla frapacinos please!,Caffeine free vanilla frap in a bottle,Chocolate Cinnamon Frappuccino
Stache\n,The Classic Frapp,Pumpkin Spice in a glass Jar,Frappuccino flavor
COFFEEIS\n,Pumpkin Spice in a glass Jar,The Classic Frapp,Chocolate Cinnamon Frappuccino
necprc\n,Caffeine free vanilla frap in a bottle,Decaf Bottled Mocha Lite,How about a birthday cake drink?
blakemed\n,Pumpkin Spice in a glass Jar,Decaf Bottled Mocha Lite,The Classic Frapp
crescendoll\n,How about a birthday cake drink?,Decaf Green tea frappucino,Pumpkin Spice in a glass Jar
MakeBucks\n,Devil's Drink,Thin Mint Frapp,Maple chip Frappuccino
chads\n,How about a birthday cake drink?,Decaf Bottled Mocha Lite,Pumpkin Spice in a glass Jar
N175312\n,Decaf Green tea frappucino,Thin Mint Frapp,Belly Blaster Garcinia-ccino
Jivejava\n,Pumpkin Spice in a glass Jar,Thin Mint Frapp,How about a birthday cake drink?
pikachiu132\n,Decaf Green tea frappucino,Thin Mint Frapp,Chocolate Cinnamon Frappuccino
OurMTDN\n,Peanut butter drizzle & peanut butter frapp or choc pb frapp,Decaf Bottled Mocha Lite,Caffeine free vanilla frap in a bottle
hollister503\n,Decaf Green tea frappucino,Thin Mint Frapp,Decaf Bottled Mocha Lite
holliday\n,Frappuccino flavor,Pumpkin Spice in a glass Jar,The Classic Frapp
pechipy\n,Vanilla frapacinos please!,Peanut butter drizzle & peanut butter frapp or choc pb frapp,Pumpkin Spice in a glass Jar
leelamay\n,Devil's Drink,The Classic Frapp,Thin Mint Frapp
Darkkprncess\n,Belly Blaster Garcinia-ccino,Trenta Frappucino,How about a birthday cake drink?
PFraley\n,Pumpkin Spice in a glass Jar,Trenta Frappucino,Decaf Green tea frappucino
atomicb\n,Sakura Mochi Frappucino,How about a birthday cake drink?,Pumpkin Spice in a glass Jar
Duukes\n,Trenta Frappucino,Decaf Green tea frappucino,Bring back the Classic Frappuccino
luvestima\n,Decaf Bottled Mocha Lite,How about a birthday cake drink?,Frappuccino flavor
temple\n,Devil's Drink,Frappuccino flavor,Pumpkin Spice in a glass Jar
its_okay\n,How about a birthday cake drink?,Decaf Bottled Mocha Lite,Frappuccino flavor
Vitaco\n,Devil's Drink,Frappuccino flavor,Decaf Green tea frappucino
cerksees\n,Bring back the Classic Frappuccino,Pumpkin Spice in a glass Jar,Chocolate Cinnamon Frappuccino
BRudders\n,Frappuccino flavor,Belly Blaster Garcinia-ccino,The Classic Frapp
msteiniger\n,Maple chip Frappuccino,Chocolate Cinnamon Frappuccino,Devil's Drink
adw3566\n,Decaf Bottled Mocha Lite,Peanut butter drizzle & peanut butter frapp or choc pb frapp,Sakura Mochi Frappucino
LindyNichols\n,Pumpkin Spice in a glass Jar,Trenta Frappucino,Frappuccino flavor
coffee920\n,Trenta Frappucino,Devil's Drink,Pumpkin Spice in a glass Jar
ColoradoJohn\n,Pumpkin Spice in a glass Jar,How about a birthday cake drink?,Caffeine free vanilla frap in a bottle
Annyong\n,Devil's Drink,Chocolate Cinnamon Frappuccino,Belly Blaster Garcinia-ccino
KidSafeMoms\n,Vanilla frapacinos please!,Frappuccino flavor,Decaf Green tea frappucino
supercoupe\n,Devil's Drink,Frappuccino flavor,Decaf Bottled Mocha Lite
jaygeek\n,Frappuccino flavor,Belly Blaster Garcinia-ccino,Decaf Bottled Mocha Lite
kc1472\n,Decaf Green tea frappucino,Thin Mint Frapp,Peanut butter drizzle & peanut butter frapp or choc pb frapp
BonMik\n,Pumpkin Spice in a glass Jar,How about a birthday cake drink?,Decaf Bottled Mocha Lite
delxis\n,How about a birthday cake drink?,Caffeine free vanilla frap in a bottle,Peanut butter drizzle & peanut butter frapp or choc pb frapp
melcat72\n,Frappuccino flavor,How about a birthday cake drink?,Salted hazelnut frappuccino !
runningson\n,Chocolate Cinnamon Frappuccino,Decaf Bottled Mocha Lite,Sakura Mochi Frappucino
Beezer1\n,Pumpkin Spice in a glass Jar,Decaf Bottled Mocha Lite,The Classic Frapp
3BE38A54-67F8-4471-A195-8CAF9D2B20C3\n,Vanilla frapacinos please!,Sakura Mochi Frappucino,Pumpkin Spice in a glass Jar
britbabe\n,How about a birthday cake drink?,Pumpkin Spice in a glass Jar,Frappuccino flavor
karli\n,Decaf Green tea frappucino,Pumpkin Spice in a glass Jar,A Red Velvet Frappuccino
ciratoby\n,Pumpkin Spice in a glass Jar,Caffeine free vanilla frap in a bottle,How about a birthday cake drink?
Esquimaux\n,The Classic Frapp,Decaf Bottled Mocha Lite,Devil's Drink
cater\n,Peanut butter drizzle & peanut butter frapp or choc pb frapp,Frappuccino flavor,How about a birthday cake drink?
URFrapismydrug\n,Trenta Frappucino,Pumpkin Spice in a glass Jar,Cotton Candy Frap
Stellaaaaa\n,Devil's Drink,The Classic Frapp,Frappuccino flavor
phuqr\n,Belly Blaster Garcinia-ccino,Bring back the Classic Frappuccino,Frappuccino flavor
cindabeckm\n,A Red Velvet Frappuccino,Frappuccino flavor,Decaf Bottled Mocha Lite
CoffeePerk\n,How about a birthday cake drink?,Peanut butter drizzle & peanut butter frapp or choc pb frapp,Decaf Bottled Mocha Lite
roxy23_66\n,Vanilla frapacinos please!,The Classic Frapp,Chocolate Cinnamon Frappuccino
CAR116\n,Sakura Mochi Frappucino,Frappuccino flavor,Thin Mint Frapp
mrf167\n,Pumpkin Spice in a glass Jar,Frappuccino flavor,Decaf Bottled Mocha Lite
psb1969\n,Raspberry creamsicle frappuccino,Trenta Frappucino,Chocolate Cinnamon Frappuccino
CharlesDollars\n,Peanut butter drizzle & peanut butter frapp or choc pb frapp,Decaf Green tea frappucino,Frappuccino flavor
CoffeeQ\n,Trenta Frappucino,The Classic Frapp,Caffeine free vanilla frap in a bottle
angielewhoo\n,How about a birthday cake drink?,The Classic Frapp,Chocolate Cinnamon Frappuccino
Hope21\n,A Red Velvet Frappuccino,Chocolate Cinnamon Frappuccino,Salted hazelnut frappuccino !
jordantheginga\n,Chocolate Cinnamon Frappuccino,Raspberry creamsicle frappuccino,Decaf Bottled Mocha Lite
cookieknits\n,Frappuccino flavor,Decaf Bottled Mocha Lite,Decaf Green tea frappucino
sullygirl\n,Caffeine free vanilla frap in a bottle,Decaf Green tea frappucino,Decaf Bottled Mocha Lite
kikibabe\n,Trenta Frappucino,Pumpkin Spice in a glass Jar,Decaf Bottled Mocha Lite
bigjamdaddy\n,Sakura Mochi Frappucino,Frappuccino flavor,Peanut butter drizzle & peanut butter frapp or choc pb frapp
Sparkay\n,The Classic Frapp,Caffeine free vanilla frap in a bottle,Chocolate Cinnamon Frappuccino
FreeHots\n,Caffeine free vanilla frap in a bottle,Decaf Green tea frappucino,How about a birthday cake drink?
carameljava\n,Maple chip Frappuccino,Bring back the dark chocolate cherry frap,Devil's Drink
zizzle\n,Pumpkin Spice in a glass Jar,Frappuccino flavor,Decaf Bottled Mocha Lite
Stockton\n,Pumpkin Spice in a glass Jar,Decaf Bottled Mocha Lite,Frappuccino flavor
CoffeeQwn\n,Peanut butter drizzle & peanut butter frapp or choc pb frapp,Chocolate Cinnamon Frappuccino,Raspberry creamsicle frappuccino
Sherbert\n,How about a birthday cake drink?,Belly Blaster Garcinia-ccino,Chocolate Cinnamon Frappuccino
PavelL\n,Cotton Candy Frap,How about a birthday cake drink?,Salted hazelnut frappuccino !
Jitendra\n,Trenta Frappucino,The Classic Frapp,Frappuccino flavor
Whiteknuckle\n,Trenta Frappucino,How about a birthday cake drink?,Frappuccino flavor
CoffeeMugged\n,Thin Mint Frapp,Pumpkin Spice in a glass Jar,Salted hazelnut frappuccino !
paygirl\n,Vanilla frapacinos please!,Caffeine free vanilla frap in a bottle,How about a birthday cake drink?
eaguilar\n,Salted hazelnut frappuccino !,Pumpkin Spice in a glass Jar,Frappuccino flavor
Alejandro1031\n,Vanilla frapacinos please!,Decaf Bottled Mocha Lite,Belly Blaster Garcinia-ccino
jacksnap\n,Peanut butter drizzle & peanut butter frapp or choc pb frapp,Sakura Mochi Frappucino,Frappuccino flavor
rdiamond\n,How about a birthday cake drink?,Peanut butter drizzle & peanut butter frapp or choc pb frapp,Maple chip Frappuccino
Janay\n,Sakura Mochi Frappucino,A Red Velvet Frappuccino,Frappuccino flavor
rphailey\n,Chocolate Cinnamon Frappuccino,Raspberry creamsicle frappuccino,Cotton Candy Frap
jeniel\n,Pumpkin Spice in a glass Jar,How about a birthday cake drink?,Salted hazelnut frappuccino !
Ruthy\n,Raspberry creamsicle frappuccino,Belly Blaster Garcinia-ccino,Chocolate Cinnamon Frappuccino
